{
    "loss": [
        0.233529884647578,
        0.23722615791484714,
        0.23636011946946384,
        0.23510575387626886,
        0.23367640329524875,
        0.23384503703564405
    ],
    "scale1_reprojections_loss": [
        0.059471803694032134,
        0.05910675546620041,
        0.058727210760116576,
        0.058442733343690635,
        0.05813112945761532,
        0.05807106012944132
    ],
    "scale2_reprojections_loss": [
        0.05953047161456197,
        0.05909049564506859,
        0.058769763563759625,
        0.05843566867988557,
        0.058176541212014855,
        0.05809616446495056
    ],
    "scale3_reprojections_loss": [
        0.05857935121748596,
        0.05882254138123244,
        0.05886990805156529,
        0.058533987612463534,
        0.058118459722027185,
        0.05815420283470303
    ],
    "scale4_reprojections_loss": [
        0.05467587949242443,
        0.05901588557753712,
        0.058841094467788936,
        0.05860561465378851,
        0.05816996586509049,
        0.05842996120918542
    ],
    "depth_net_loss": [
        0.11938734375544299,
        0.21135434648022056,
        0.2139891656115651,
        0.20802239244803786,
        0.2019896386191249,
        0.2028319275006652
    ],
    "lr": [
        9.999999747378752e-05,
        9.999999747378752e-05,
        9.999999747378752e-05,
        9.999999747378752e-05,
        9.999999747378752e-05,
        9.999999747378752e-05
    ]
}